route,timesteps,collision_truck,collision_trailer,timeout,truck_lidar_collision,trailer_lidar_collision,distance_to_center_of_lane,completed
61|95,316,False,False,False,False,False,1.109887997123221,True
61|42,310,False,False,False,False,False,0.9123674149636043,True
117|120,326,False,False,False,False,False,0.9032636924922495,True
40|42,201,False,False,False,False,False,0.40213641029394936,True
40|42,201,False,False,False,False,False,0.40213641029394936,True
40|10,357,False,False,False,False,False,0.9385193411724333,True
34|112,304,False,False,False,False,False,0.98139509646719,True
11|10,232,False,False,False,False,False,0.7792343832033292,True
11|10,232,False,False,False,False,False,0.7792343832033292,True
11|3,297,False,False,False,False,False,0.7811848491852327,True
11|3,297,False,False,False,False,False,0.7811848491852327,True
5|41,178,False,False,False,False,True,0.8948275726237795,False
97|95,360,False,False,False,False,False,1.0751586984329002,True
119|37,443,False,False,False,False,False,0.8840033027507411,True
119|37,443,False,False,False,False,False,0.8840033027507411,True
119|103,502,False,False,False,False,False,0.9288173315427872,True
22|105,505,False,False,False,False,False,0.7402696378709485,True
22|26,682,False,False,False,False,False,0.8733741619748852,True
22|76,938,False,False,False,False,False,0.5396653752857196,True
16|103,168,False,False,False,True,False,1.8780169394344244,False
16|111,434,False,False,False,False,False,1.0124782532475576,True
96|26,423,False,False,False,False,False,0.8629808416221318,True
96|76,684,False,False,False,False,False,0.5786878548495463,True
96|76,684,False,False,False,False,False,0.5786878548495463,True
96|76,684,False,False,False,False,False,0.5786878548495463,True
58|111,314,False,False,False,False,False,0.8493772834790295,True
31|120,443,False,False,False,False,False,1.427427960494372,True
31|112,526,False,False,False,False,False,1.5125889675965294,True
117|112,407,False,False,False,False,False,1.2036430489599623,True
117|41,511,False,False,False,False,False,1.6716177158276506,True
34|41,405,False,False,False,False,False,1.5148845241885958,True
34|43,424,False,False,False,False,False,1.4774666457175905,True
5|43,360,False,False,False,False,False,1.5570818821095733,True
5|120,503,False,False,False,False,False,1.853578223393809,True
73|74,126,False,False,False,False,True,0.6495019431719012,False
73|37,120,False,False,False,False,True,0.5478090472462145,False
73|37,120,False,False,False,False,True,0.5478090472462145,False
73|37,120,False,False,False,False,True,0.5478090472462145,False
15|94,699,False,False,False,False,False,0.9913041559576697,True
15|105,274,False,False,False,False,True,0.6988530621064503,False
15|26,324,False,False,False,False,True,0.6415333235896972,False
55|94,858,False,False,False,False,False,0.6914409965980034,True
55|105,484,False,False,False,False,True,0.2878969081769687,False
55|105,484,False,False,False,False,True,0.2878969081769687,False
96|94,970,False,False,False,False,False,0.6122744572826858,True
96|94,970,False,False,False,False,False,0.6122744572826858,True
96|94,970,False,False,False,False,False,0.6122744572826858,True
58|74,577,False,False,False,False,False,1.02332906165361,True
55|76,567,False,False,False,False,False,0.7318631555085298,True
31|43,201,False,False,False,False,True,0.44987023789744546,False
61|95,313,False,False,False,False,False,1.131509969394127,True
61|95,313,False,False,False,False,False,1.131509969394127,True
61|42,311,False,False,False,False,False,1.0283836547657013,True
117|120,328,False,False,False,False,False,0.8833484037815204,True
40|42,201,False,False,False,False,False,0.48423406557685805,True
40|42,201,False,False,False,False,False,0.48423406557685805,True
40|10,358,False,False,False,False,False,0.9192980163705141,True
34|112,302,False,False,False,False,False,0.9721233271459563,True
11|10,106,False,False,False,False,True,0.129112388335424,False
11|3,287,False,False,False,False,False,0.8463330749439847,True
11|3,287,False,False,False,False,False,0.8463330749439847,True
5|41,178,False,False,False,False,True,0.8655638450830261,False
97|95,366,False,False,False,False,False,1.128619996414379,True
119|37,443,False,False,False,False,False,0.8818585042043161,True
119|37,443,False,False,False,False,False,0.8818585042043161,True
119|103,501,False,False,False,False,False,0.9839744629287422,True
22|105,505,False,False,False,False,False,0.7460138265569338,True
22|26,681,False,False,False,False,False,0.8933925797545776,True
22|76,937,False,False,False,False,False,0.5340403742523847,True
16|103,165,False,False,False,True,False,1.7349699381526846,False
16|111,438,False,False,False,False,False,1.0502745020553443,True
96|26,422,False,False,False,False,False,0.8568516243627184,True
96|76,679,False,False,False,False,False,0.5962865724978623,True
96|76,679,False,False,False,False,False,0.5962865724978623,True
96|76,679,False,False,False,False,False,0.5962865724978623,True
58|111,315,False,False,False,False,False,0.9051590622888849,True
31|120,443,False,False,False,False,False,1.4233934667825352,True
31|112,529,False,False,False,False,False,1.505846740694398,True
117|112,407,False,False,False,False,False,1.1467319885095604,True
117|41,511,False,False,False,False,False,1.650501599048332,True
34|41,400,False,False,False,False,False,1.535630250894198,True
34|43,425,False,False,False,False,False,1.5250886618842945,True
34|43,425,False,False,False,False,False,1.5250886618842945,True
34|43,425,False,False,False,False,False,1.5250886618842945,True
5|43,359,False,False,False,False,False,1.6466612692884608,True
5|120,504,False,False,False,False,False,1.7628789789009105,True
73|74,127,False,False,False,False,True,0.6005245406983793,False
73|37,119,False,False,False,False,True,0.5171060292083459,False
73|37,119,False,False,False,False,True,0.5171060292083459,False
15|94,698,False,False,False,False,False,0.9909367567955968,True
15|94,698,False,False,False,False,False,0.9909367567955968,True
15|94,698,False,False,False,False,False,0.9909367567955968,True
15|105,273,False,False,False,False,True,0.7496240234134093,False
15|26,310,False,False,False,False,True,0.6568833821346954,False
55|94,861,False,False,False,False,False,0.7325993164319732,True
55|105,468,False,False,False,False,True,0.2745196971609827,False
96|94,969,False,False,False,False,False,0.5745647213055334,True
96|94,969,False,False,False,False,False,0.5745647213055334,True
96|94,969,False,False,False,False,False,0.5745647213055334,True
58|74,576,False,False,False,False,False,1.008078541127708,True
55|76,567,False,False,False,False,False,0.7496166333427227,True
31|43,210,False,False,False,False,True,0.46927296768420124,False
61|95,311,False,False,False,False,False,1.0284052898842093,True
61|95,311,False,False,False,False,False,1.0284052898842093,True
61|42,308,False,False,False,False,False,1.0978617163149038,True
117|120,324,False,False,False,False,False,0.8630736318588967,True
40|42,198,False,False,False,False,False,0.4687763464173243,True
40|42,198,False,False,False,False,False,0.4687763464173243,True
40|10,358,False,False,False,False,False,0.9163789877964308,True
40|10,358,False,False,False,False,False,0.9163789877964308,True
34|112,306,False,False,False,False,False,0.9840226033705836,True
11|10,117,False,False,False,False,True,0.16651059760435064,False
11|3,293,False,False,False,False,False,0.7412756871965982,True
11|3,293,False,False,False,False,False,0.7412756871965982,True
5|41,179,False,False,False,False,True,0.9930333370702429,False
97|95,361,False,False,False,False,False,1.100891613175109,True
119|37,445,False,False,False,False,False,0.9525077817163957,True
119|37,445,False,False,False,False,False,0.9525077817163957,True
119|103,502,False,False,False,False,False,0.9655064693303403,True
119|103,502,False,False,False,False,False,0.9655064693303403,True
22|105,507,False,False,False,False,False,0.7469044455494134,True
22|26,683,False,False,False,False,False,0.9056847907041615,True
22|76,936,False,False,False,False,False,0.5315011028837514,True
16|103,165,False,False,False,True,False,1.7899291741399088,False
16|111,433,False,False,False,False,False,0.9969928185990656,True
96|26,422,False,False,False,False,False,0.868350805461002,True
96|76,677,False,False,False,False,False,0.597942291254081,True
96|76,677,False,False,False,False,False,0.597942291254081,True
58|111,314,False,False,False,False,False,0.852518518004583,True
31|120,442,False,False,False,False,False,1.4008353936395435,True
31|112,528,False,False,False,False,False,1.5043630240004917,True
117|112,408,False,False,False,False,False,1.192745528487319,True
117|41,511,False,False,False,False,False,1.6677295504936842,True
34|41,404,False,False,False,False,False,1.521600612434597,True
34|43,427,False,False,False,False,False,1.5138021110759783,True
34|43,427,False,False,False,False,False,1.5138021110759783,True
34|43,427,False,False,False,False,False,1.5138021110759783,True
5|43,358,False,False,False,False,False,1.5900860689687124,True
5|120,500,False,False,False,False,False,1.7887590593405218,True
73|74,135,False,False,False,False,True,0.8095752234174328,False
73|37,120,False,False,False,False,True,0.5482524360449309,False
15|94,701,False,False,False,False,False,0.9566361721678517,True
15|94,701,False,False,False,False,False,0.9566361721678517,True
15|94,701,False,False,False,False,False,0.9566361721678517,True
15|105,756,False,False,False,False,False,0.6436140065463718,True
15|26,313,False,False,False,False,True,0.6558614159772843,False
55|94,859,False,False,False,False,False,0.7442374442993522,True
55|105,498,False,False,False,False,True,0.268143012610841,False
96|94,969,False,False,False,False,False,0.6127188129492857,True
96|94,969,False,False,False,False,False,0.6127188129492857,True
96|94,969,False,False,False,False,False,0.6127188129492857,True
58|74,578,False,False,False,False,False,1.0387245151622584,True
55|76,569,False,False,False,False,False,0.758573642037114,True
31|43,194,False,False,False,False,True,0.513610079420262,False
61|95,310,False,False,False,False,False,1.155960027731499,True
61|95,310,False,False,False,False,False,1.155960027731499,True
61|42,309,False,False,False,False,False,1.0592757623447568,True
117|120,326,False,False,False,False,False,0.8791651201248039,True
40|42,201,False,False,False,False,False,0.414958200608078,True
40|10,363,False,False,False,False,False,0.8962787823612923,True
40|10,363,False,False,False,False,False,0.8962787823612923,True
34|112,298,False,False,False,False,False,0.9813148869718143,True
11|10,112,False,False,False,False,True,0.16013280457755397,False
11|3,293,False,False,False,False,False,0.7431763141683866,True
11|3,293,False,False,False,False,False,0.7431763141683866,True
5|41,179,False,False,False,False,True,0.8692748190441264,False
97|95,362,False,False,False,False,False,1.0539622735484921,True
119|37,448,False,False,False,False,False,0.8961288219697051,True
119|103,500,False,False,False,False,False,0.9294598809120977,True
119|103,500,False,False,False,False,False,0.9294598809120977,True
22|105,510,False,False,False,False,False,0.747923554901942,True
22|26,683,False,False,False,False,False,0.8915443238576701,True
22|76,933,False,False,False,False,False,0.5485289093575503,True
16|103,168,False,False,False,True,False,1.6713851077717137,False
16|111,434,False,False,False,False,False,1.0126069362084316,True
96|26,423,False,False,False,False,False,0.8570479790909179,True
96|76,679,False,False,False,False,False,0.5869415059114389,True
58|111,316,False,False,False,False,False,0.8299533414073706,True
58|111,316,False,False,False,False,False,0.8299533414073706,True
58|111,316,False,False,False,False,False,0.8299533414073706,True
31|120,441,False,False,False,False,False,1.4164459074358695,True
31|112,528,False,False,False,False,False,1.534222601968784,True
117|112,407,False,False,False,False,False,1.1771340212266113,True
117|41,510,False,False,False,False,False,1.6565974575948093,True
34|41,405,False,False,False,False,False,1.4874211923971088,True
34|43,423,False,False,False,False,False,1.4863703235972867,True
34|43,423,False,False,False,False,False,1.4863703235972867,True
34|43,423,False,False,False,False,False,1.4863703235972867,True
5|43,358,False,False,False,False,False,1.6221452493706279,True
5|120,503,False,False,False,False,False,1.8043197941448559,True
73|74,140,False,False,False,False,True,0.8366393540829551,False
73|37,118,False,False,False,False,True,0.47059854132682044,False
15|94,702,False,False,False,False,False,0.9962500246373535,True
15|94,702,False,False,False,False,False,0.9962500246373535,True
15|94,702,False,False,False,False,False,0.9962500246373535,True
15|105,280,False,False,False,False,True,0.7141942881601534,False
15|26,331,False,False,False,False,True,0.6566118230494217,False
55|94,863,False,False,False,False,False,0.6701802298151996,True
55|105,491,False,False,False,False,True,0.2733691148863333,False
96|94,969,False,False,False,False,False,0.58271333038054,True
96|94,969,False,False,False,False,False,0.58271333038054,True
96|94,969,False,False,False,False,False,0.58271333038054,True
58|74,575,False,False,False,False,False,1.0069282791657777,True
55|76,569,False,False,False,False,False,0.7783914547377319,True
31|43,200,False,False,False,False,True,0.47800808243564663,False
61|95,306,False,False,False,False,False,1.105823506904313,True
61|95,306,False,False,False,False,False,1.105823506904313,True
61|42,310,False,False,False,False,False,1.0482271379699557,True
117|120,325,False,False,False,False,False,0.886039048280712,True
40|42,200,False,False,False,False,False,0.4871494630159796,True
40|10,358,False,False,False,False,False,0.8969694833088474,True
40|10,358,False,False,False,False,False,0.8969694833088474,True
34|112,303,False,False,False,False,False,1.0080071041288678,True
11|10,118,False,False,False,False,True,0.1792929318494405,False
11|3,294,False,False,False,False,False,0.7665700532668053,True
11|3,294,False,False,False,False,False,0.7665700532668053,True
5|41,180,False,False,False,False,True,0.8931328650473865,False
97|95,360,False,False,False,False,False,1.0288389040280153,True
119|37,444,False,False,False,False,False,0.8953945657726445,True
119|103,500,False,False,False,False,False,0.878700316460911,True
119|103,500,False,False,False,False,False,0.878700316460911,True
22|105,506,False,False,False,False,False,0.7324100860798903,True
22|26,681,False,False,False,False,False,0.8483948177909724,True
22|76,935,False,False,False,False,False,0.5140226454478863,True
16|103,168,False,False,False,True,False,1.8257375404211462,False
16|111,435,False,False,False,False,False,1.0299157487964912,True
96|26,422,False,False,False,False,False,0.8578772831702902,True
96|76,682,False,False,False,False,False,0.5664216125847711,True
58|111,315,False,False,False,False,False,0.8831382493400818,True
58|111,315,False,False,False,False,False,0.8831382493400818,True
58|111,315,False,False,False,False,False,0.8831382493400818,True
31|120,444,False,False,False,False,False,1.4444634392385207,True
31|112,525,False,False,False,False,False,1.499235495861301,True
117|112,408,False,False,False,False,False,1.1640422796960497,True
117|41,511,False,False,False,False,False,1.6478209288933732,True
34|41,403,False,False,False,False,False,1.5047920232587726,True
34|43,421,False,False,False,False,False,1.4516553447410527,True
5|43,360,False,False,False,False,False,1.702742250485674,True
5|43,360,False,False,False,False,False,1.702742250485674,True
5|43,360,False,False,False,False,False,1.702742250485674,True
5|120,504,False,False,False,False,False,1.7964939969745468,True
73|74,129,False,False,False,False,True,0.6885781720977346,False
73|37,118,False,False,False,False,True,0.4721969624311597,False
15|94,700,False,False,False,False,False,0.990160217940805,True
15|94,700,False,False,False,False,False,0.990160217940805,True
15|94,700,False,False,False,False,False,0.990160217940805,True
15|105,752,False,False,False,False,False,0.6414888277348572,True
15|26,325,False,False,False,False,True,0.6467061622934979,False
55|94,859,False,False,False,False,False,0.7281273761228654,True
55|105,480,False,False,False,False,True,0.2581045488138926,False
96|94,969,False,False,False,False,False,0.6000652896073402,True
96|94,969,False,False,False,False,False,0.6000652896073402,True
58|74,572,False,False,False,False,False,0.982394292827868,True
55|76,567,False,False,False,False,False,0.7495416318851372,True
31|43,206,False,False,False,False,True,0.49342589137349624,False
61|95,310,False,False,False,False,False,1.0838498616997625,True
61|95,310,False,False,False,False,False,1.0838498616997625,True
61|42,309,False,False,False,False,False,1.02088550193873,True
117|120,327,False,False,False,False,False,0.9163658071407572,True
40|42,202,False,False,False,False,False,0.4621597108585137,True
40|10,358,False,False,False,False,False,0.8979006561342873,True
40|10,358,False,False,False,False,False,0.8979006561342873,True
34|112,305,False,False,False,False,False,1.0153246278428967,True
11|10,120,False,False,False,False,True,0.1963414577606082,False
11|3,294,False,False,False,False,False,0.7600551556806726,True
11|3,294,False,False,False,False,False,0.7600551556806726,True
5|41,180,False,False,False,False,True,0.923454825499244,False
97|95,360,False,False,False,False,False,1.032264259190106,True
119|37,443,False,False,False,False,False,0.8760083765326035,True
119|103,498,False,False,False,False,False,0.8975239697415862,True
119|103,498,False,False,False,False,False,0.8975239697415862,True
22|105,506,False,False,False,False,False,0.7502384965342594,True
22|26,685,False,False,False,False,False,0.9297379456007067,True
22|76,934,False,False,False,False,False,0.5283194449601999,True
16|103,168,False,False,False,True,False,1.85818186604886,False
16|111,435,False,False,False,False,False,0.9855565963162041,True
96|26,421,False,False,False,False,False,0.8549577353537422,True
96|76,679,False,False,False,False,False,0.576333535836074,True
58|111,314,False,False,False,False,False,0.8970887633978873,True
58|111,314,False,False,False,False,False,0.8970887633978873,True
58|111,314,False,False,False,False,False,0.8970887633978873,True
31|120,445,False,False,False,False,False,1.4891781104970594,True
31|112,526,False,False,False,False,False,1.5001771497122856,True
117|112,406,False,False,False,False,False,1.2067769493360534,True
117|41,508,False,False,False,False,False,1.588055129092374,True
34|41,404,False,False,False,False,False,1.4898530331650088,True
34|43,424,False,False,False,False,False,1.4896031954038582,True
5|43,359,False,False,False,False,False,1.6565810898956446,True
5|43,359,False,False,False,False,False,1.6565810898956446,True
5|43,359,False,False,False,False,False,1.6565810898956446,True
5|120,504,False,False,False,False,False,1.7784815873149704,True
73|74,133,False,False,False,False,True,0.7486383464107983,False
73|37,120,False,False,False,False,True,0.5284596576151674,False
15|94,700,False,False,False,False,False,0.9609362114654724,True
15|94,700,False,False,False,False,False,0.9609362114654724,True
15|105,753,False,False,False,False,False,0.6521139938602991,True
15|105,753,False,False,False,False,False,0.6521139938602991,True
15|26,321,False,False,False,False,True,0.6337892618537977,False
55|94,860,False,False,False,False,False,0.6958346148447666,True
55|105,476,False,False,False,False,True,0.2647885400366885,False
96|94,970,False,False,False,False,False,0.5840378135403894,True
58|74,575,False,False,False,False,False,1.0171307236377396,True
58|74,575,False,False,False,False,False,1.0171307236377396,True
58|74,575,False,False,False,False,False,1.0171307236377396,True
55|76,568,False,False,False,False,False,0.7597747922951119,True
31|43,205,False,False,False,False,True,0.4858912521521994,False
61|95,308,False,False,False,False,False,1.134107805444239,True
61|95,308,False,False,False,False,False,1.134107805444239,True
61|42,312,False,False,False,False,False,1.045681027191677,True
117|120,327,False,False,False,False,False,0.8900758006773527,True
40|42,201,False,False,False,False,False,0.49266516808828414,True
40|10,356,False,False,False,False,False,1.0119814101136007,True
40|10,356,False,False,False,False,False,1.0119814101136007,True
34|112,303,False,False,False,False,False,1.0249809553151574,True
11|10,117,False,False,False,False,True,0.16604681811092603,False
11|3,293,False,False,False,False,False,0.733394889788104,True
11|3,293,False,False,False,False,False,0.733394889788104,True
5|41,183,False,False,False,False,True,0.8846627738867359,False
5|41,183,False,False,False,False,True,0.8846627738867359,False
97|95,361,False,False,False,False,False,1.0876224009596216,True
119|37,445,False,False,False,False,False,0.8547672173720804,True
119|103,501,False,False,False,False,False,0.9025527650961113,True
119|103,501,False,False,False,False,False,0.9025527650961113,True
22|105,507,False,False,False,False,False,0.7530071917224871,True
22|26,682,False,False,False,False,False,0.8938669071771276,True
22|76,935,False,False,False,False,False,0.5376933026728818,True
16|103,169,False,False,False,True,False,1.8078582460623949,False
16|111,434,False,False,False,False,False,1.0106336318728357,True
96|26,426,False,False,False,False,False,0.8554730491929441,True
96|76,682,False,False,False,False,False,0.6253777087856756,True
58|111,314,False,False,False,False,False,0.8616685428961252,True
58|111,314,False,False,False,False,False,0.8616685428961252,True
58|111,314,False,False,False,False,False,0.8616685428961252,True
31|120,440,False,False,False,False,False,1.4574719983675908,True
31|120,440,False,False,False,False,False,1.4574719983675908,True
31|120,440,False,False,False,False,False,1.4574719983675908,True
31|112,526,False,False,False,False,False,1.5179455672694,True
117|112,405,False,False,False,False,False,1.2041970509489364,True
117|41,506,False,False,False,False,False,1.6363697732155162,True
34|41,404,False,False,False,False,False,1.502751156670557,True
34|43,421,False,False,False,False,False,1.4311385456566306,True
5|43,359,False,False,False,False,False,1.592071781034181,True
5|43,359,False,False,False,False,False,1.592071781034181,True
5|43,359,False,False,False,False,False,1.592071781034181,True
5|120,500,False,False,False,False,False,1.800434900783807,True
73|74,137,False,False,False,False,True,0.7725177527718333,False
73|37,120,False,False,False,False,True,0.48235408434988825,False
15|94,694,False,False,False,False,False,0.9991268300684036,True
15|105,275,False,False,False,False,True,0.6654305252180678,False
15|105,275,False,False,False,False,True,0.6654305252180678,False
15|26,332,False,False,False,False,True,0.6390936538371111,False
55|94,858,False,False,False,False,False,0.7136553381326672,True
55|105,489,False,False,False,False,True,0.2809499753193119,False
96|94,971,False,False,False,False,False,0.5564844327282175,True
58|74,573,False,False,False,False,False,1.0279000891641135,True
58|74,573,False,False,False,False,False,1.0279000891641135,True
58|74,573,False,False,False,False,False,1.0279000891641135,True
55|76,569,False,False,False,False,False,0.7670506651966483,True
31|43,204,False,False,False,False,True,0.5167993717022522,False
61|95,307,False,False,False,False,False,1.0632563756098354,True
61|95,307,False,False,False,False,False,1.0632563756098354,True
61|42,309,False,False,False,False,False,1.0403110095425074,True
61|42,309,False,False,False,False,False,1.0403110095425074,True
117|120,326,False,False,False,False,False,0.9004915705176829,True
40|42,201,False,False,False,False,False,0.5041035757016294,True
40|10,356,False,False,False,False,False,0.9828072901754095,True
40|10,356,False,False,False,False,False,0.9828072901754095,True
34|112,307,False,False,False,False,False,1.003396559724625,True
11|10,112,False,False,False,False,True,0.14779492700504626,False
11|3,292,False,False,False,False,False,0.7991842858085605,True
5|41,181,False,False,False,False,True,0.9565860510587818,False
5|41,181,False,False,False,False,True,0.9565860510587818,False
97|95,358,False,False,False,False,False,1.0240167161747966,True
119|37,443,False,False,False,False,False,0.8738235726120891,True
119|103,499,False,False,False,False,False,0.9460602277330518,True
119|103,499,False,False,False,False,False,0.9460602277330518,True
119|103,499,False,False,False,False,False,0.9460602277330518,True
22|105,507,False,False,False,False,False,0.7316044879651906,True
22|105,507,False,False,False,False,False,0.7316044879651906,True
22|105,507,False,False,False,False,False,0.7316044879651906,True
22|26,681,False,False,False,False,False,0.8588150125701992,True
22|76,933,False,False,False,False,False,0.526963817473372,True
16|103,167,False,False,False,True,False,1.7623657059087643,False
16|111,434,False,False,False,False,False,1.0183380570031386,True
96|26,422,False,False,False,False,False,0.7927396222176604,True
96|76,676,False,False,False,False,False,0.5875579210539116,True
58|111,317,False,False,False,False,False,0.8682800092671187,True
31|120,444,False,False,False,False,False,1.4183279599140644,True
31|120,444,False,False,False,False,False,1.4183279599140644,True
31|120,444,False,False,False,False,False,1.4183279599140644,True
31|112,525,False,False,False,False,False,1.4962219651131408,True
117|112,407,False,False,False,False,False,1.1986960951832644,True
117|41,510,False,False,False,False,False,1.6560033634652158,True
34|41,404,False,False,False,False,False,1.5260839046393635,True
34|43,424,False,False,False,False,False,1.4584451040671504,True
5|43,359,False,False,False,False,False,1.6730601305424857,True
5|43,359,False,False,False,False,False,1.6730601305424857,True
5|43,359,False,False,False,False,False,1.6730601305424857,True
5|120,499,False,False,False,False,False,1.7890491455240531,True
73|74,128,False,False,False,False,True,0.6965794478184685,False
73|37,118,False,False,False,False,True,0.48133227508594306,False
15|94,690,False,False,False,False,False,0.991371313115886,True
15|105,752,False,False,False,False,False,0.6630760452679908,True
15|105,752,False,False,False,False,False,0.6630760452679908,True
15|26,321,False,False,False,False,True,0.6683425164972587,False
55|94,862,False,False,False,False,False,0.7257228083469469,True
55|105,491,False,False,False,False,True,0.2737743993514619,False
96|94,970,False,False,False,False,False,0.5906797397783993,True
58|74,578,False,False,False,False,False,1.0194470920850207,True
58|74,578,False,False,False,False,False,1.0194470920850207,True
58|74,578,False,False,False,False,False,1.0194470920850207,True
55|76,568,False,False,False,False,False,0.7600769874585104,True
31|43,191,False,False,False,False,True,0.44043249574159604,False
61|95,306,False,False,False,False,False,1.1487478789963643,True
61|42,311,False,False,False,False,False,0.9455554401225883,True
61|42,311,False,False,False,False,False,0.9455554401225883,True
117|120,323,False,False,False,False,False,0.8811574400109699,True
40|42,201,False,False,False,False,False,0.4321326380447574,True
40|10,354,False,False,False,False,False,0.9397330275973595,True
40|10,354,False,False,False,False,False,0.9397330275973595,True
34|112,303,False,False,False,False,False,0.9960046268292458,True
11|10,106,False,False,False,False,True,0.10982916626227938,False
11|3,294,False,False,False,False,False,0.7975048265327341,True
5|41,180,False,False,False,False,True,0.9271697406800401,False
5|41,180,False,False,False,False,True,0.9271697406800401,False
97|95,360,False,False,False,False,False,1.104334300328472,True
119|37,443,False,False,False,False,False,0.9479414014406023,True
119|103,496,False,False,False,False,False,0.9867591593784344,True
22|105,506,False,False,False,False,False,0.7045209390760658,True
22|105,506,False,False,False,False,False,0.7045209390760658,True
22|105,506,False,False,False,False,False,0.7045209390760658,True
22|26,678,False,False,False,False,False,0.8363346575982693,True
22|76,935,False,False,False,False,False,0.523786469122444,True
16|103,168,False,False,False,True,False,1.8765476024812384,False
16|111,434,False,False,False,False,False,1.0167797352234178,True
96|26,419,False,False,False,False,False,0.8379402820284871,True
96|76,680,False,False,False,False,False,0.5804600612093631,True
58|111,315,False,False,False,False,False,0.8241951572699918,True
31|120,442,False,False,False,False,False,1.4145857895707041,True
31|120,442,False,False,False,False,False,1.4145857895707041,True
31|120,442,False,False,False,False,False,1.4145857895707041,True
31|112,525,False,False,False,False,False,1.454551863712973,True
117|112,407,False,False,False,False,False,1.1790056612551796,True
117|41,511,False,False,False,False,False,1.668843328361361,True
34|41,407,False,False,False,False,False,1.4543617498183912,True
34|43,422,False,False,False,False,False,1.4953462783929885,True
5|43,357,False,False,False,False,False,1.5796037032200088,True
5|43,357,False,False,False,False,False,1.5796037032200088,True
5|120,499,False,False,False,False,False,1.762031820911809,True
5|120,499,False,False,False,False,False,1.762031820911809,True
5|120,499,False,False,False,False,False,1.762031820911809,True
73|74,134,False,False,False,False,True,0.7539310442713532,False
73|37,120,False,False,False,False,True,0.5294724704607029,False
15|94,693,False,False,False,False,False,1.0052373241737431,True
15|105,278,False,False,False,False,True,0.7033351759036912,False
15|105,278,False,False,False,False,True,0.7033351759036912,False
15|26,320,False,False,False,False,True,0.6461158874879677,False
55|94,857,False,False,False,False,False,0.7469914348124205,True
55|105,484,False,False,False,False,True,0.28134103589858434,False
96|94,969,False,False,False,False,False,0.5809731794598142,True
58|74,575,False,False,False,False,False,1.0047394571456023,True
58|74,575,False,False,False,False,False,1.0047394571456023,True
58|74,575,False,False,False,False,False,1.0047394571456023,True
55|76,569,False,False,False,False,False,0.7311109563710205,True
31|43,208,False,False,False,False,True,0.5139691637186907,False
61|95,309,False,False,False,False,False,1.1837327691630828,True
61|42,310,False,False,False,False,False,1.0223783503811652,True
61|42,310,False,False,False,False,False,1.0223783503811652,True
117|120,327,False,False,False,False,False,0.9040043147598612,True
40|42,200,False,False,False,False,False,0.437336729888863,True
40|10,356,False,False,False,False,False,1.0287029247565338,True
34|112,306,False,False,False,False,False,0.9965358576112218,True
34|112,306,False,False,False,False,False,0.9965358576112218,True
11|10,231,False,False,False,False,False,0.7939002501244395,True
11|3,298,False,False,False,False,False,0.7695075042788738,True
5|41,177,False,False,False,False,True,0.8643512132371622,False
5|41,177,False,False,False,False,True,0.8643512132371622,False
97|95,363,False,False,False,False,False,1.1515102526953964,True
119|37,445,False,False,False,False,False,0.9104711489856374,True
119|103,499,False,False,False,False,False,0.9434056950761572,True
22|105,509,False,False,False,False,False,0.7534841230715114,True
22|105,509,False,False,False,False,False,0.7534841230715114,True
22|105,509,False,False,False,False,False,0.7534841230715114,True
22|26,682,False,False,False,False,False,0.8597798431910123,True
22|76,285,False,False,False,False,True,0.5472542534674297,False
22|76,285,False,False,False,False,True,0.5472542534674297,False
16|103,167,False,False,False,True,False,1.857913793675255,False
16|111,433,False,False,False,False,False,1.005738032990851,True
96|26,425,False,False,False,False,False,0.9369148631841513,True
96|76,680,False,False,False,False,False,0.5767210513585374,True
58|111,314,False,False,False,False,False,0.7958474842077938,True
31|120,444,False,False,False,False,False,1.4510013206442673,True
31|120,444,False,False,False,False,False,1.4510013206442673,True
31|120,444,False,False,False,False,False,1.4510013206442673,True
31|112,525,False,False,False,False,False,1.4829700950875508,True
31|112,525,False,False,False,False,False,1.4829700950875508,True
31|112,525,False,False,False,False,False,1.4829700950875508,True
117|112,405,False,False,False,False,False,1.204669917195137,True
117|41,510,False,False,False,False,False,1.6441031484002941,True
34|41,404,False,False,False,False,False,1.5093820735716592,True
34|43,422,False,False,False,False,False,1.4537986654839519,True
5|43,359,False,False,False,False,False,1.6172853192489944,True
5|120,498,False,False,False,False,False,1.7900209630832808,True
5|120,498,False,False,False,False,False,1.7900209630832808,True
5|120,498,False,False,False,False,False,1.7900209630832808,True
73|74,128,False,False,False,False,True,0.710606243821351,False
73|37,120,False,False,False,False,True,0.5451970493593726,False
15|94,697,False,False,False,False,False,1.0324382899758509,True
15|105,276,False,False,False,False,True,0.7268384554370461,False
15|105,276,False,False,False,False,True,0.7268384554370461,False
15|26,335,False,False,False,False,True,0.669275073067405,False
55|94,861,False,False,False,False,False,0.7609370746470964,True
55|105,487,False,False,False,False,True,0.28764426183449965,False
96|94,972,False,False,False,False,False,0.5567018812756083,True
58|74,577,False,False,False,False,False,0.9973725155532506,True
58|74,577,False,False,False,False,False,0.9973725155532506,True
55|76,571,False,False,False,False,False,0.7847613338177716,True
55|76,571,False,False,False,False,False,0.7847613338177716,True
55|76,571,False,False,False,False,False,0.7847613338177716,True
31|43,200,False,False,False,False,True,0.46231869265287845,False
61|95,309,False,False,False,False,False,1.040178397529435,True
61|42,310,False,False,False,False,False,0.9828546030047105,True
61|42,310,False,False,False,False,False,0.9828546030047105,True
117|120,325,False,False,False,False,False,0.8756365731501777,True
40|42,199,False,False,False,False,False,0.4822305768358621,True
40|10,357,False,False,False,False,False,1.053183343806909,True
34|112,303,False,False,False,False,False,1.0081746787238388,True
34|112,303,False,False,False,False,False,1.0081746787238388,True
11|10,110,False,False,False,False,True,0.13423084779877195,False
11|3,295,False,False,False,False,False,0.7868977523932589,True
5|41,176,False,False,False,False,True,0.893199039888535,False
5|41,176,False,False,False,False,True,0.893199039888535,False
97|95,361,False,False,False,False,False,1.0814732358017913,True
119|37,444,False,False,False,False,False,0.9539795714921909,True
119|103,500,False,False,False,False,False,0.9458270175965598,True
22|105,507,False,False,False,False,False,0.727089460104015,True
22|105,507,False,False,False,False,False,0.727089460104015,True
22|26,682,False,False,False,False,False,0.8030778772541687,True
22|26,682,False,False,False,False,False,0.8030778772541687,True
22|26,682,False,False,False,False,False,0.8030778772541687,True
22|76,938,False,False,False,False,False,0.5287793878640621,True
16|103,168,False,False,False,True,False,1.820311620401432,False
16|103,168,False,False,False,True,False,1.820311620401432,False
16|111,435,False,False,False,False,False,1.0147156462837763,True
96|26,422,False,False,False,False,False,0.8574851837465398,True
96|76,679,False,False,False,False,False,0.5680274005307908,True
58|111,315,False,False,False,False,False,0.8709844093086532,True
31|120,444,False,False,False,False,False,1.4415437614069104,True
31|112,530,False,False,False,False,False,1.5349437167047484,True
31|112,530,False,False,False,False,False,1.5349437167047484,True
31|112,530,False,False,False,False,False,1.5349437167047484,True
117|112,407,False,False,False,False,False,1.1705997654820133,True
117|41,507,False,False,False,False,False,1.6444173333732883,True
34|41,406,False,False,False,False,False,1.5138271319090595,True
34|43,418,False,False,False,False,False,1.409839679424744,True
5|43,361,False,False,False,False,False,1.685552795276736,True
5|120,500,False,False,False,False,False,1.7778237926577138,True
5|120,500,False,False,False,False,False,1.7778237926577138,True
5|120,500,False,False,False,False,False,1.7778237926577138,True
73|74,133,False,False,False,False,True,0.7072371354395943,False
73|37,116,False,False,False,False,True,0.47718639708315935,False
15|94,698,False,False,False,False,False,0.983453741378589,True
15|105,757,False,False,False,False,False,0.6613227006140323,True
15|105,757,False,False,False,False,False,0.6613227006140323,True
15|26,329,False,False,False,False,True,0.6531379610576289,False
55|94,856,False,False,False,False,False,0.7076702488853085,True
55|105,475,False,False,False,False,True,0.277737629041964,False
96|94,967,False,False,False,False,False,0.5839621237947449,True
58|74,578,False,False,False,False,False,1.0019774897546323,True
55|76,568,False,False,False,False,False,0.7831952176308595,True
55|76,568,False,False,False,False,False,0.7831952176308595,True
55|76,568,False,False,False,False,False,0.7831952176308595,True
31|43,200,False,False,False,False,True,0.44688978590806655,False
61|95,308,False,False,False,False,False,1.1178070955149435,True
61|42,312,False,False,False,False,False,0.9887395345286859,True
61|42,312,False,False,False,False,False,0.9887395345286859,True
117|120,326,False,False,False,False,False,0.9080020770839877,True
40|42,204,False,False,False,False,False,0.5089228909473802,True
40|10,356,False,False,False,False,False,0.9375640005524967,True
34|112,305,False,False,False,False,False,0.9408155387676589,True
34|112,305,False,False,False,False,False,0.9408155387676589,True
11|10,230,False,False,False,False,False,0.6888252604395209,True
11|3,299,False,False,False,False,False,0.8153874362748109,True
5|41,182,False,False,False,False,True,0.8917641347969042,False
5|41,182,False,False,False,False,True,0.8917641347969042,False
97|95,363,False,False,False,False,False,1.0002065506081133,True
119|37,444,False,False,False,False,False,0.9507628629844151,True
119|103,503,False,False,False,False,False,0.9267882812810297,True
22|105,505,False,False,False,False,False,0.730093032839243,True
22|26,681,False,False,False,False,False,0.8290558107724059,True
22|26,681,False,False,False,False,False,0.8290558107724059,True
22|26,681,False,False,False,False,False,0.8290558107724059,True
22|76,935,False,False,False,False,False,0.5316610743031757,True
16|103,169,False,False,False,True,False,1.9239429950942608,False
16|103,169,False,False,False,True,False,1.9239429950942608,False
16|111,435,False,False,False,False,False,0.988455770798236,True
96|26,422,False,False,False,False,False,0.8448352354135518,True
96|76,679,False,False,False,False,False,0.6135937510308027,True
route,timesteps,collision_truck,collision_trailer,timeout,truck_lidar_collision,trailer_lidar_collision,distance_to_center_of_lane,completed
61|95,317,False,False,False,False,False,1.0570392895900027,True
61|42,315,False,False,False,False,False,0.9210428740129402,True
61|42,315,False,False,False,False,False,0.9210428740129402,True
117|120,325,False,False,False,False,False,0.8850392484587302,True
40|42,202,False,False,False,False,False,0.4453037425891315,True
40|10,358,False,False,False,False,False,0.9537104702711167,True
34|112,306,False,False,False,False,False,1.0282907439974531,True
34|112,306,False,False,False,False,False,1.0282907439974531,True
11|10,120,False,False,False,False,True,0.1814585844055072,False
11|3,293,False,False,False,False,False,0.7564615605806491,True
5|41,180,False,False,False,False,True,0.8734165628121022,False
5|41,180,False,False,False,False,True,0.8734165628121022,False
97|95,361,False,False,False,False,False,1.0641248828821024,True
97|95,361,False,False,False,False,False,1.0641248828821024,True
119|37,443,False,False,False,False,False,0.9303344008267891,True
119|103,499,False,False,False,False,False,0.9414808010172759,True
22|105,506,False,False,False,False,False,0.7440043838160791,True
22|26,681,False,False,False,False,False,0.8710783304832836,True
22|26,681,False,False,False,False,False,0.8710783304832836,True
22|26,681,False,False,False,False,False,0.8710783304832836,True
22|76,935,False,False,False,False,False,0.554193466917633,True
16|103,169,False,False,False,True,False,1.8651455495586178,False
16|103,169,False,False,False,True,False,1.8651455495586178,False
16|111,433,False,False,False,False,False,1.0319482453488158,True
96|26,421,False,False,False,False,False,0.8434457276851051,True
96|76,675,False,False,False,False,False,0.6046662039660388,True
58|111,315,False,False,False,False,False,0.8162878171088591,True
31|120,442,False,False,False,False,False,1.4216747835760257,True
31|112,526,False,False,False,False,False,1.538665341506126,True
31|112,526,False,False,False,False,False,1.538665341506126,True
31|112,526,False,False,False,False,False,1.538665341506126,True
117|112,403,False,False,False,False,False,1.1712480074238096,True
117|41,509,False,False,False,False,False,1.651410657612979,True
34|41,405,False,False,False,False,False,1.4584630581294251,True
34|43,421,False,False,False,False,False,1.4821936781144154,True
5|43,358,False,False,False,False,False,1.581569925450824,True
5|120,500,False,False,False,False,False,1.7830009369064739,True
5|120,500,False,False,False,False,False,1.7830009369064739,True
5|120,500,False,False,False,False,False,1.7830009369064739,True
73|74,133,False,False,False,False,True,0.7259708989953425,False
73|37,118,False,False,False,False,True,0.4767852845281181,False
15|94,696,False,False,False,False,False,0.9786637115942862,True
15|105,284,False,False,False,False,True,0.6945840448125709,False
15|105,284,False,False,False,False,True,0.6945840448125709,False
15|26,926,False,False,False,False,False,0.8446476838426963,True
15|26,926,False,False,False,False,False,0.8446476838426963,True
55|94,862,False,False,False,False,False,0.7357520124722624,True
55|94,862,False,False,False,False,False,0.7357520124722624,True
55|105,502,False,False,False,False,True,0.2699586985818931,False
96|94,970,False,False,False,False,False,0.5590530360832336,True
58|74,572,False,False,False,False,False,1.0196724353618456,True
55|76,570,False,False,False,False,False,0.7567186727628616,True
55|76,570,False,False,False,False,False,0.7567186727628616,True
55|76,570,False,False,False,False,False,0.7567186727628616,True
31|43,304,False,False,False,False,False,0.9426655985852891,True
61|95,310,False,False,False,False,False,1.094227484798692,True
61|42,315,False,False,False,False,False,0.9872862628926564,True
61|42,315,False,False,False,False,False,0.9872862628926564,True
117|120,328,False,False,False,False,False,0.8731663588877778,True
117|120,328,False,False,False,False,False,0.8731663588877778,True
40|42,202,False,False,False,False,False,0.40536669277316395,True
40|10,358,False,False,False,False,False,0.9417518195570938,True
34|112,304,False,False,False,False,False,1.0112813008070793,True
34|112,304,False,False,False,False,False,1.0112813008070793,True
11|10,116,False,False,False,False,True,0.16118542804790664,False
11|3,293,False,False,False,False,False,0.8220315466144923,True
5|41,182,False,False,False,False,True,0.9141342004045437,False
97|95,361,False,False,False,False,False,1.0535120389864858,True
97|95,361,False,False,False,False,False,1.0535120389864858,True
119|37,444,False,False,False,False,False,0.8992582538601345,True
119|103,499,False,False,False,False,False,0.926340904183178,True
22|105,508,False,False,False,False,False,0.7351734750588271,True
22|26,679,False,False,False,False,False,0.8249349318977884,True
22|26,679,False,False,False,False,False,0.8249349318977884,True
22|76,933,False,False,False,False,False,0.5248933075103406,True
22|76,933,False,False,False,False,False,0.5248933075103406,True
16|103,166,False,False,False,True,False,1.8118759601078307,False
16|103,166,False,False,False,True,False,1.8118759601078307,False
16|111,437,False,False,False,False,False,1.025670629445372,True
96|26,419,False,False,False,False,False,0.9119654002551498,True
96|76,681,False,False,False,False,False,0.5673989451242303,True
58|111,316,False,False,False,False,False,0.8615035842755946,True
31|120,445,False,False,False,False,False,1.4665838352676328,True
31|112,525,False,False,False,False,False,1.4766284623695534,True
31|112,525,False,False,False,False,False,1.4766284623695534,True
31|112,525,False,False,False,False,False,1.4766284623695534,True
117|112,406,False,False,False,False,False,1.1892423904496712,True
117|112,406,False,False,False,False,False,1.1892423904496712,True
117|112,406,False,False,False,False,False,1.1892423904496712,True
117|41,509,False,False,False,False,False,1.6019002155587883,True
34|41,402,False,False,False,False,False,1.5188636396471271,True
34|43,421,False,False,False,False,False,1.456276597674403,True
5|43,359,False,False,False,False,False,1.6463389956078258,True
5|120,501,False,False,False,False,False,1.7652610584671906,True
5|120,501,False,False,False,False,False,1.7652610584671906,True
73|74,127,False,False,False,False,True,0.6178601628639008,False
73|37,121,False,False,False,False,True,0.5267512865705188,False
15|94,699,False,False,False,False,False,0.9472425802929089,True
15|105,751,False,False,False,False,False,0.6526505906550893,True
15|105,751,False,False,False,False,False,0.6526505906550893,True
15|26,335,False,False,False,False,True,0.6558184495163707,False
55|94,861,False,False,False,False,False,0.7312793470456931,True
55|94,861,False,False,False,False,False,0.7312793470456931,True
55|105,460,False,False,False,False,True,0.2721642060576309,False
96|94,968,False,False,False,False,False,0.6017115898945496,True
58|74,577,False,False,False,False,False,1.0137942271763927,True
55|76,571,False,False,False,False,False,0.7623489087760564,True
55|76,571,False,False,False,False,False,0.7623489087760564,True
55|76,571,False,False,False,False,False,0.7623489087760564,True
31|43,202,False,False,False,False,True,0.47530137706985726,False
61|95,308,False,False,False,False,False,1.1289352059290039,True
61|42,304,False,False,False,False,False,1.0516253237288948,True
117|120,329,False,False,False,False,False,0.9173840914977638,True
117|120,329,False,False,False,False,False,0.9173840914977638,True
40|42,202,False,False,False,False,False,0.4354779631772149,True
40|10,358,False,False,False,False,False,0.926031094980792,True
34|112,299,False,False,False,False,False,0.9543257704160193,True
34|112,299,False,False,False,False,False,0.9543257704160193,True
11|10,223,False,False,False,False,False,0.7603710117270969,True
11|3,296,False,False,False,False,False,0.793246144755816,True
5|41,184,False,False,False,False,True,0.906408511146345,False
97|95,362,False,False,False,False,False,1.0793618210500213,True
97|95,362,False,False,False,False,False,1.0793618210500213,True
119|37,445,False,False,False,False,False,0.9599553127451459,True
119|103,500,False,False,False,False,False,0.9013692656054804,True
22|105,508,False,False,False,False,False,0.717902868203074,True
22|26,683,False,False,False,False,False,0.857808936960288,True
22|76,934,False,False,False,False,False,0.5321660571369718,True
22|76,934,False,False,False,False,False,0.5321660571369718,True
22|76,934,False,False,False,False,False,0.5321660571369718,True
16|103,171,False,False,False,True,False,1.88547724415425,False
16|103,171,False,False,False,True,False,1.88547724415425,False
16|111,435,False,False,False,False,False,1.0235279651171858,True
96|26,422,False,False,False,False,False,0.8177923655164412,True
96|76,677,False,False,False,False,False,0.5835959522839032,True
58|111,315,False,False,False,False,False,0.8586676012197137,True
31|120,442,False,False,False,False,False,1.420668822530139,True
31|112,524,False,False,False,False,False,1.4951637989582278,True
117|112,406,False,False,False,False,False,1.1917117955797651,True
117|112,406,False,False,False,False,False,1.1917117955797651,True
117|112,406,False,False,False,False,False,1.1917117955797651,True
117|41,506,False,False,False,False,False,1.624127569214967,True
34|41,403,False,False,False,False,False,1.481423295674729,True
34|43,419,False,False,False,False,False,1.4612720423181347,True
5|43,359,False,False,False,False,False,1.6820471036951492,True
5|120,502,False,False,False,False,False,1.7570924532773557,True
73|74,137,False,False,False,False,True,0.7800869763102953,False
73|37,117,False,False,False,False,True,0.4744064408918398,False
15|94,696,False,False,False,False,False,0.9914894409393591,True
15|105,281,False,False,False,False,True,0.708346558088902,False
15|105,281,False,False,False,False,True,0.708346558088902,False
15|26,330,False,False,False,False,True,0.6460304162417495,False
15|26,330,False,False,False,False,True,0.6460304162417495,False
55|94,856,False,False,False,False,False,0.7398105645173935,True
55|94,856,False,False,False,False,False,0.7398105645173935,True
55|105,472,False,False,False,False,True,0.25806182989810716,False
96|94,969,False,False,False,False,False,0.5801522387057254,True
58|74,576,False,False,False,False,False,1.023483750863158,True
55|76,567,False,False,False,False,False,0.7313158912553811,True
55|76,567,False,False,False,False,False,0.7313158912553811,True
31|43,207,False,False,False,False,True,0.5147354813097279,False
31|43,207,False,False,False,False,True,0.5147354813097279,False
61|95,310,False,False,False,False,False,1.061166784137892,True
61|42,315,False,False,False,False,False,0.9024992245516896,True
117|120,324,False,False,False,False,False,0.9021411436334842,True
117|120,324,False,False,False,False,False,0.9021411436334842,True
40|42,201,False,False,False,False,False,0.46700090964439117,True
40|10,357,False,False,False,False,False,0.9571980052071045,True
34|112,304,False,False,False,False,False,0.9960119479885289,True
34|112,304,False,False,False,False,False,0.9960119479885289,True
11|10,119,False,False,False,False,True,0.17228553857276457,False
11|3,292,False,False,False,False,False,0.7626783464970465,True
5|41,177,False,False,False,False,True,0.9123545709414314,False
97|95,361,False,False,False,False,False,1.0949097440614097,True
97|95,361,False,False,False,False,False,1.0949097440614097,True
119|37,441,False,False,False,False,False,0.8527260300485253,True
119|103,499,False,False,False,False,False,0.9286867307994096,True
22|105,507,False,False,False,False,False,0.7387236980327722,True
22|26,680,False,False,False,False,False,0.9176427837417088,True
22|76,936,False,False,False,False,False,0.5211535851026645,True
22|76,936,False,False,False,False,False,0.5211535851026645,True
22|76,936,False,False,False,False,False,0.5211535851026645,True
16|103,166,False,False,False,True,False,1.6966930159590663,False
16|103,166,False,False,False,True,False,1.6966930159590663,False
16|111,434,False,False,False,False,False,1.0256524894503487,True
96|26,422,False,False,False,False,False,0.8107450875302377,True
96|76,679,False,False,False,False,False,0.5888682851408127,True
58|111,316,False,False,False,False,False,0.838054360346094,True
31|120,439,False,False,False,False,False,1.412937197043207,True
31|112,528,False,False,False,False,False,1.497389947942006,True
117|112,409,False,False,False,False,False,1.19072174102231,True
117|112,409,False,False,False,False,False,1.19072174102231,True
117|112,409,False,False,False,False,False,1.19072174102231,True
117|41,509,False,False,False,False,False,1.6879396658597117,True
34|41,404,False,False,False,False,False,1.5042224871899252,True
34|43,423,False,False,False,False,False,1.4992673383902333,True
5|43,358,False,False,False,False,False,1.6129959327355357,True
5|120,499,False,False,False,False,False,1.8194351446651689,True
73|74,129,False,False,False,False,True,0.678664239935136,False
73|74,129,False,False,False,False,True,0.678664239935136,False
73|74,129,False,False,False,False,True,0.678664239935136,False
73|37,117,False,False,False,False,True,0.4773148564543731,False
15|94,694,False,False,False,False,False,1.0033835815015613,True
15|105,753,False,False,False,False,False,0.6456760082199166,True
15|26,317,False,False,False,False,True,0.6492031923150786,False
15|26,317,False,False,False,False,True,0.6492031923150786,False
55|94,858,False,False,False,False,False,0.7542791729061029,True
55|94,858,False,False,False,False,False,0.7542791729061029,True
55|105,481,False,False,False,False,True,0.25191863286658633,False
96|94,971,False,False,False,False,False,0.6142237757426535,True
58|74,579,False,False,False,False,False,1.0133214867848859,True
55|76,569,False,False,False,False,False,0.7569185297523194,True
31|43,207,False,False,False,False,True,0.4852416409652352,False
31|43,207,False,False,False,False,True,0.4852416409652352,False
31|43,207,False,False,False,False,True,0.4852416409652352,False
61|95,308,False,False,False,False,False,1.1083842131953474,True
61|42,310,False,False,False,False,False,1.004433319301091,True
117|120,327,False,False,False,False,False,0.8904962191963972,True
117|120,327,False,False,False,False,False,0.8904962191963972,True
40|42,201,False,False,False,False,False,0.4701195223135607,True
40|10,356,False,False,False,False,False,0.949281320630378,True
34|112,303,False,False,False,False,False,1.0596766365548458,True
11|10,122,False,False,False,False,True,0.18539712279582263,False
11|3,293,False,False,False,False,False,0.8067189219424888,True
5|41,175,False,False,False,False,True,0.9640473913493484,False
97|95,360,False,False,False,False,False,1.0516299974770802,True
97|95,360,False,False,False,False,False,1.0516299974770802,True
119|37,443,False,False,False,False,False,0.9608479824928676,True
119|103,502,False,False,False,False,False,0.9590694829038742,True
22|105,509,False,False,False,False,False,0.741411561599471,True
22|26,679,False,False,False,False,False,0.8590709842934308,True
22|76,933,False,False,False,False,False,0.5384036986993459,True
22|76,933,False,False,False,False,False,0.5384036986993459,True
16|103,168,False,False,False,True,False,1.8804592836809964,False
16|103,168,False,False,False,True,False,1.8804592836809964,False
16|111,432,False,False,False,False,False,1.0423557670353554,True
16|111,432,False,False,False,False,False,1.0423557670353554,True
16|111,432,False,False,False,False,False,1.0423557670353554,True
96|26,422,False,False,False,False,False,0.8212156729188245,True
96|76,680,False,False,False,False,False,0.6079918333839756,True
58|111,315,False,False,False,False,False,0.8328386398190037,True
31|120,441,False,False,False,False,False,1.4240700953626968,True
31|112,525,False,False,False,False,False,1.501995530156711,True
117|112,408,False,False,False,False,False,1.1969376101528306,True
117|112,408,False,False,False,False,False,1.1969376101528306,True
117|112,408,False,False,False,False,False,1.1969376101528306,True
117|41,511,False,False,False,False,False,1.6893287204468277,True
117|41,511,False,False,False,False,False,1.6893287204468277,True
117|41,511,False,False,False,False,False,1.6893287204468277,True
34|41,405,False,False,False,False,False,1.5017660401385635,True
34|43,422,False,False,False,False,False,1.4320671361164574,True
5|43,358,False,False,False,False,False,1.6232508843214664,True
5|120,500,False,False,False,False,False,1.780418899200028,True
73|74,130,False,False,False,False,True,0.6858742564736939,False
73|74,130,False,False,False,False,True,0.6858742564736939,False
73|74,130,False,False,False,False,True,0.6858742564736939,False
73|37,119,False,False,False,False,True,0.4883779230545973,False
15|94,693,False,False,False,False,False,0.9958275354651202,True
15|105,751,False,False,False,False,False,0.6446459453218325,True
15|26,330,False,False,False,False,True,0.6520033874850839,False
15|26,330,False,False,False,False,True,0.6520033874850839,False
55|94,860,False,False,False,False,False,0.7083788503312758,True
55|94,860,False,False,False,False,False,0.7083788503312758,True
55|105,466,False,False,False,False,True,0.27138148737346107,False
96|94,971,False,False,False,False,False,0.5847824389535314,True
58|74,578,False,False,False,False,False,1.0033609336126603,True
55|76,569,False,False,False,False,False,0.7553490579117569,True
31|43,202,False,False,False,False,True,0.4538181818315187,False
31|43,202,False,False,False,False,True,0.4538181818315187,False
31|43,202,False,False,False,False,True,0.4538181818315187,False
61|95,310,False,False,False,False,False,1.137258155742948,True
61|42,311,False,False,False,False,False,1.0294956283660526,True
117|120,327,False,False,False,False,False,0.8819720788350401,True
117|120,327,False,False,False,False,False,0.8819720788350401,True
40|42,200,False,False,False,False,False,0.5110093152173079,True
40|10,357,False,False,False,False,False,0.88215042647315,True
34|112,302,False,False,False,False,False,1.007324621686319,True
11|10,107,False,False,False,False,True,0.13541206851853785,False
11|10,107,False,False,False,False,True,0.13541206851853785,False
11|3,294,False,False,False,False,False,0.7914550972224397,True
5|41,176,False,False,False,False,True,0.8957096736449492,False
97|95,362,False,False,False,False,False,1.0946481533054266,True
97|95,362,False,False,False,False,False,1.0946481533054266,True
119|37,443,False,False,False,False,False,0.938039139822561,True
119|103,501,False,False,False,False,False,0.9065538953396179,True
22|105,507,False,False,False,False,False,0.7225547978904528,True
22|26,681,False,False,False,False,False,0.8929369166242794,True
22|76,934,False,False,False,False,False,0.5175650422266102,True
16|103,168,False,False,False,True,False,1.734901485504721,False
16|111,432,False,False,False,False,False,1.0162005554332163,True
16|111,432,False,False,False,False,False,1.0162005554332163,True
16|111,432,False,False,False,False,False,1.0162005554332163,True
96|26,422,False,False,False,False,False,0.8302328163585064,True
96|76,678,False,False,False,False,False,0.6114749093015196,True
58|111,316,False,False,False,False,False,0.9068642864793798,True
31|120,440,False,False,False,False,False,1.4289735541969246,True
31|112,525,False,False,False,False,False,1.503362599777495,True
117|112,409,False,False,False,False,False,1.1861219074049854,True
117|41,511,False,False,False,False,False,1.6891670293398409,True
117|41,511,False,False,False,False,False,1.6891670293398409,True
117|41,511,False,False,False,False,False,1.6891670293398409,True
34|41,406,False,False,False,False,False,1.5169138195975913,True
34|43,424,False,False,False,False,False,1.4651291668930035,True
5|43,358,False,False,False,False,False,1.5712155537914794,True
5|120,499,False,False,False,False,False,1.752116023121374,True
73|74,130,False,False,False,False,True,0.7063590279359823,False
73|74,130,False,False,False,False,True,0.7063590279359823,False
73|74,130,False,False,False,False,True,0.7063590279359823,False
73|37,117,False,False,False,False,True,0.4782218632816735,False
15|94,694,False,False,False,False,False,0.9778689156378192,True
15|105,293,False,False,False,False,True,0.6564199148539132,False
15|26,326,False,False,False,False,True,0.6635261907021553,False
15|26,326,False,False,False,False,True,0.6635261907021553,False
55|94,861,False,False,False,False,False,0.7087948248562966,True
55|94,861,False,False,False,False,False,0.7087948248562966,True
55|94,861,False,False,False,False,False,0.7087948248562966,True
55|105,484,False,False,False,False,True,0.2708072700561272,False
96|94,971,False,False,False,False,False,0.588285125385537,True
58|74,579,False,False,False,False,False,1.0101782113637796,True
55|76,568,False,False,False,False,False,0.7458437641165087,True
31|43,206,False,False,False,False,True,0.5098812030176295,False
31|43,206,False,False,False,False,True,0.5098812030176295,False
31|43,206,False,False,False,False,True,0.5098812030176295,False
61|95,310,False,False,False,False,False,1.0244050038931891,True
61|42,311,False,False,False,False,False,0.982564710544213,True
117|120,325,False,False,False,False,False,0.8613307223482872,True
117|120,325,False,False,False,False,False,0.8613307223482872,True
40|42,202,False,False,False,False,False,0.4600293447695929,True
40|10,355,False,False,False,False,False,0.9977465895201995,True
34|112,302,False,False,False,False,False,1.009591589141314,True
11|10,120,False,False,False,False,True,0.17190055309830413,False
11|10,120,False,False,False,False,True,0.17190055309830413,False
11|3,296,False,False,False,False,False,0.7276499711998773,True
5|41,177,False,False,False,False,True,0.9571238898459568,False
97|95,361,False,False,False,False,False,1.1164481963600017,True
97|95,361,False,False,False,False,False,1.1164481963600017,True
119|37,444,False,False,False,False,False,0.9260532189292167,True
119|103,499,False,False,False,False,False,0.9083048464084491,True
22|105,506,False,False,False,False,False,0.7235715287489444,True
22|26,680,False,False,False,False,False,0.8552670586879062,True
22|76,932,False,False,False,False,False,0.5515729335775108,True
16|103,170,False,False,False,True,False,1.9428942182660862,False
16|111,434,False,False,False,False,False,1.0007900017367994,True
16|111,434,False,False,False,False,False,1.0007900017367994,True
16|111,434,False,False,False,False,False,1.0007900017367994,True
96|26,420,False,False,False,False,False,0.8068826529651384,True
96|76,680,False,False,False,False,False,0.5727095772843173,True
58|111,317,False,False,False,False,False,0.8912015946319101,True
31|120,439,False,False,False,False,False,1.411090518211115,True
31|112,529,False,False,False,False,False,1.531240166423971,True
117|112,408,False,False,False,False,False,1.1809965491988448,True
117|41,507,False,False,False,False,False,1.6416764006467448,True
117|41,507,False,False,False,False,False,1.6416764006467448,True
117|41,507,False,False,False,False,False,1.6416764006467448,True
34|41,399,False,False,False,False,False,1.5098442768321725,True
34|43,424,False,False,False,False,False,1.4674763408198706,True
5|43,357,False,False,False,False,False,1.7057530294107361,True
5|120,501,False,False,False,False,False,1.7966096118660386,True
73|74,140,False,False,False,False,True,0.7977353656472894,False
73|74,140,False,False,False,False,True,0.7977353656472894,False
73|74,140,False,False,False,False,True,0.7977353656472894,False
73|37,123,False,False,False,False,True,0.48971045689175036,False
15|94,694,False,False,False,False,False,0.9736227752200356,True
15|105,283,False,False,False,False,True,0.7017921534446786,False
15|26,323,False,False,False,False,True,0.6569318234879457,False
15|26,323,False,False,False,False,True,0.6569318234879457,False
55|94,859,False,False,False,False,False,0.7363655793744065,True
55|94,859,False,False,False,False,False,0.7363655793744065,True
55|94,859,False,False,False,False,False,0.7363655793744065,True
55|105,515,False,False,False,False,True,0.29568075891190043,False
55|105,515,False,False,False,False,True,0.29568075891190043,False
55|105,515,False,False,False,False,True,0.29568075891190043,False
96|94,972,False,False,False,False,False,0.5737636435052369,True
58|74,579,False,False,False,False,False,1.0082976022854195,True
55|76,563,False,False,False,False,False,0.7759012400745344,True
31|43,301,False,False,False,False,False,0.9735207280801672,True
31|43,301,False,False,False,False,False,0.9735207280801672,True
61|95,310,False,False,False,False,False,1.0907712210224199,True
61|42,309,False,False,False,False,False,0.9804165875249863,True
117|120,327,False,False,False,False,False,0.8956355796411303,True
117|120,327,False,False,False,False,False,0.8956355796411303,True
40|42,201,False,False,False,False,False,0.4559901869212946,True
40|42,201,False,False,False,False,False,0.4559901869212946,True
40|10,354,False,False,False,False,False,0.9138823805383884,True
34|112,299,False,False,False,False,False,0.9987666775400164,True
11|10,115,False,False,False,False,True,0.15978242078867905,False
11|10,115,False,False,False,False,True,0.15978242078867905,False
11|3,292,False,False,False,False,False,0.7827604151267212,True
5|41,180,False,False,False,False,True,0.931337032002748,False
97|95,360,False,False,False,False,False,1.0958014623230528,True
119|37,443,False,False,False,False,False,0.9430707373219454,True
119|37,443,False,False,False,False,False,0.9430707373219454,True
119|103,500,False,False,False,False,False,0.9423073423129629,True
22|105,506,False,False,False,False,False,0.7290864175454373,True
22|26,682,False,False,False,False,False,0.8249909829961325,True
22|76,933,False,False,False,False,False,0.5192213287102483,True
16|103,169,False,False,False,True,False,1.8376182504578682,False
16|111,429,False,False,False,False,False,1.015616592682184,True
16|111,429,False,False,False,False,False,1.015616592682184,True
96|26,420,False,False,False,False,False,0.858241981392978,True
96|26,420,False,False,False,False,False,0.858241981392978,True
96|26,420,False,False,False,False,False,0.858241981392978,True
96|76,677,False,False,False,False,False,0.5807808745901522,True
58|111,314,False,False,False,False,False,0.829228754264282,True
31|120,440,False,False,False,False,False,1.4382606985321502,True
31|112,523,False,False,False,False,False,1.508015732423458,True
117|112,412,False,False,False,False,False,1.1927975868511487,True
117|41,506,False,False,False,False,False,1.6304613001504995,True
117|41,506,False,False,False,False,False,1.6304613001504995,True
117|41,506,False,False,False,False,False,1.6304613001504995,True
34|41,403,False,False,False,False,False,1.5178854224536673,True
34|41,403,False,False,False,False,False,1.5178854224536673,True
34|41,403,False,False,False,False,False,1.5178854224536673,True
34|43,426,False,False,False,False,False,1.4766730482073955,True
5|43,356,False,False,False,False,False,1.5633058595754292,True
5|120,500,False,False,False,False,False,1.8465579091922524,True
73|74,138,False,False,False,False,True,0.7730262898440815,False
73|74,138,False,False,False,False,True,0.7730262898440815,False
73|37,123,False,False,False,False,True,0.4910568966965388,False
73|37,123,False,False,False,False,True,0.4910568966965388,False
73|37,123,False,False,False,False,True,0.4910568966965388,False
15|94,696,False,False,False,False,False,0.9846111151597688,True
15|105,752,False,False,False,False,False,0.6748968799911831,True
15|26,337,False,False,False,False,True,0.637111799136822,False
15|26,337,False,False,False,False,True,0.637111799136822,False
55|94,860,False,False,False,False,False,0.7268977528638447,True
55|105,496,False,False,False,False,True,0.2768513423555497,False
55|105,496,False,False,False,False,True,0.2768513423555497,False
55|105,496,False,False,False,False,True,0.2768513423555497,False
96|94,967,False,False,False,False,False,0.6017316519088403,True
58|74,577,False,False,False,False,False,1.0210023127061885,True
55|76,569,False,False,False,False,False,0.7659399487156541,True
31|43,202,False,False,False,False,True,0.5190874226295802,False
31|43,202,False,False,False,False,True,0.5190874226295802,False
61|95,310,False,False,False,False,False,1.0826679325635473,True
61|42,312,False,False,False,False,False,0.9452406196329416,True
117|120,324,False,False,False,False,False,0.8830448147572895,True
40|42,202,False,False,False,False,False,0.5013879507571176,True
40|42,202,False,False,False,False,False,0.5013879507571176,True
40|10,357,False,False,False,False,False,0.9455849447527976,True
34|112,305,False,False,False,False,False,0.952773301201359,True
11|10,111,False,False,False,False,True,0.15554411706353446,False
11|10,111,False,False,False,False,True,0.15554411706353446,False
11|3,292,False,False,False,False,False,0.7410380647725613,True
5|41,181,False,False,False,False,True,0.933947772299335,False
97|95,361,False,False,False,False,False,1.0554141967488415,True
119|37,442,False,False,False,False,False,0.8953263458296685,True
119|37,442,False,False,False,False,False,0.8953263458296685,True
119|103,500,False,False,False,False,False,0.9154254212871964,True
22|105,507,False,False,False,False,False,0.7430305353925184,True
22|26,681,False,False,False,False,False,0.8498221002655175,True
22|76,934,False,False,False,False,False,0.519697569209817,True
16|103,170,False,False,False,True,False,1.80644888809271,False
16|111,437,False,False,False,False,False,0.9893470995643406,True
96|26,425,False,False,False,False,False,0.820197644929812,True
96|26,425,False,False,False,False,False,0.820197644929812,True
96|26,425,False,False,False,False,False,0.820197644929812,True
96|76,678,False,False,False,False,False,0.5753926513375173,True
58|111,312,False,False,False,False,False,0.8336769368720813,True
31|120,440,False,False,False,False,False,1.4408952336032728,True
31|112,525,False,False,False,False,False,1.489981670750675,True
117|112,409,False,False,False,False,False,1.1858968384952877,True
117|41,510,False,False,False,False,False,1.6622133072350955,True
34|41,401,False,False,False,False,False,1.5141638473408403,True
34|41,401,False,False,False,False,False,1.5141638473408403,True
34|41,401,False,False,False,False,False,1.5141638473408403,True
34|43,420,False,False,False,False,False,1.4427408445758183,True
5|43,360,False,False,False,False,False,1.6429048982341397,True
5|120,497,False,False,False,False,False,1.801298360411648,True
73|74,134,False,False,False,False,True,0.7074733489204993,False
73|37,120,False,False,False,False,True,0.4850398798236117,False
73|37,120,False,False,False,False,True,0.4850398798236117,False
73|37,120,False,False,False,False,True,0.4850398798236117,False
15|94,693,False,False,False,False,False,1.0325160168684628,True
15|105,281,False,False,False,False,True,0.6996295614302861,False
15|26,313,False,False,False,False,True,0.6813183615031143,False
15|26,313,False,False,False,False,True,0.6813183615031143,False
55|94,859,False,False,False,False,False,0.7309965926826305,True
55|105,496,False,False,False,False,True,0.2843323854212569,False
55|105,496,False,False,False,False,True,0.2843323854212569,False
55|105,496,False,False,False,False,True,0.2843323854212569,False
96|94,972,False,False,False,False,False,0.5841302149616414,True
58|74,576,False,False,False,False,False,0.99002530722099,True
55|76,569,False,False,False,False,False,0.7448920854077697,True
31|43,206,False,False,False,False,True,0.4708890848840893,False
61|95,306,False,False,False,False,False,1.1387385694091536,True
61|42,310,False,False,False,False,False,0.9467758937499674,True
117|120,324,False,False,False,False,False,0.8994542567684658,True
40|42,202,False,False,False,False,False,0.3840919927748062,True
40|42,202,False,False,False,False,False,0.3840919927748062,True
40|10,358,False,False,False,False,False,0.8949066055461203,True
34|112,306,False,False,False,False,False,1.0170260267968263,True
11|10,233,False,False,False,False,False,0.7168118174453305,True
11|10,233,False,False,False,False,False,0.7168118174453305,True
11|3,298,False,False,False,False,False,0.7690415744065127,True
5|41,180,False,False,False,False,True,0.9267645722954837,False
97|95,362,False,False,False,False,False,1.0624531132402841,True
119|37,444,False,False,False,False,False,0.9637692109212208,True
119|37,444,False,False,False,False,False,0.9637692109212208,True
119|103,499,False,False,False,False,False,0.9411433180095017,True
22|105,509,False,False,False,False,False,0.714054517601837,True
22|26,684,False,False,False,False,False,0.8483612673166544,True
22|76,934,False,False,False,False,False,0.5188467249609398,True
16|103,169,False,False,False,True,False,1.7890965998056738,False
16|111,433,False,False,False,False,False,1.0403338985891262,True
96|26,424,False,False,False,False,False,0.8363602155958165,True
96|26,424,False,False,False,False,False,0.8363602155958165,True
96|26,424,False,False,False,False,False,0.8363602155958165,True
96|76,681,False,False,False,False,False,0.5857768142003134,True
58|111,318,False,False,False,False,False,0.8803721600905989,True
31|120,444,False,False,False,False,False,1.4641684901478156,True
31|112,525,False,False,False,False,False,1.512892034016917,True
117|112,408,False,False,False,False,False,1.1994242842065044,True
117|41,507,False,False,False,False,False,1.6182611460356422,True
34|41,403,False,False,False,False,False,1.4743978808430702,True
34|41,403,False,False,False,False,False,1.4743978808430702,True
34|41,403,False,False,False,False,False,1.4743978808430702,True
34|43,421,False,False,False,False,False,1.4494227533705024,True
5|43,358,False,False,False,False,False,1.6699031509036621,True
5|120,501,False,False,False,False,False,1.8370339787620709,True
73|74,137,False,False,False,False,True,0.754220668723322,False
73|37,121,False,False,False,False,True,0.471336505959529,False
73|37,121,False,False,False,False,True,0.471336505959529,False
73|37,121,False,False,False,False,True,0.471336505959529,False
15|94,693,False,False,False,False,False,1.0005506706847456,True
15|105,750,False,False,False,False,False,0.6702285506661093,True
15|26,319,False,False,False,False,True,0.6584489119789368,False
15|26,319,False,False,False,False,True,0.6584489119789368,False
55|94,858,False,False,False,False,False,0.7242797140440993,True
55|105,493,False,False,False,False,True,0.28049107377835036,False
55|105,493,False,False,False,False,True,0.28049107377835036,False
55|105,493,False,False,False,False,True,0.28049107377835036,False
96|94,968,False,False,False,False,False,0.5818489617952436,True
58|74,577,False,False,False,False,False,1.022932750142295,True
55|76,567,False,False,False,False,False,0.7478748546953623,True
31|43,201,False,False,False,False,True,0.4806085217170644,False
61|95,309,False,False,False,False,False,1.107457567706766,True
61|42,312,False,False,False,False,False,0.9979988638823553,True
117|120,326,False,False,False,False,False,0.902420211902946,True
40|42,201,False,False,False,False,False,0.44647432977136464,True
40|42,201,False,False,False,False,False,0.44647432977136464,True
40|10,358,False,False,False,False,False,0.9726645835977287,True
34|112,304,False,False,False,False,False,1.0309429165840895,True
11|10,113,False,False,False,False,True,0.14506635515453084,False
11|10,113,False,False,False,False,True,0.14506635515453084,False
11|3,292,False,False,False,False,False,0.7725229268159827,True
5|41,178,False,False,False,False,True,0.9046676529247257,False
97|95,361,False,False,False,False,False,1.0497989594798134,True
119|37,442,False,False,False,False,False,0.913486764469284,True
119|37,442,False,False,False,False,False,0.913486764469284,True
119|103,498,False,False,False,False,False,0.9190998340949056,True
22|105,505,False,False,False,False,False,0.7204674526807319,True
22|26,679,False,False,False,False,False,0.8571421726053904,True
22|76,937,False,False,False,False,False,0.5248504128991682,True
16|103,169,False,False,False,True,False,1.7938602396706398,False
16|111,434,False,False,False,False,False,1.032276384657264,True
96|26,424,False,False,False,False,False,0.8603200340619112,True
96|26,424,False,False,False,False,False,0.8603200340619112,True
96|76,677,False,False,False,False,False,0.5892082981822139,True
96|76,677,False,False,False,False,False,0.5892082981822139,True
96|76,677,False,False,False,False,False,0.5892082981822139,True
58|111,315,False,False,False,False,False,0.8827242074676966,True
31|120,442,False,False,False,False,False,1.488439046565972,True
31|112,523,False,False,False,False,False,1.5227752510743482,True
117|112,406,False,False,False,False,False,1.161736295937599,True
117|41,512,False,False,False,False,False,1.6882251190894186,True
34|41,399,False,False,False,False,False,1.4796138311195688,True
34|41,399,False,False,False,False,False,1.4796138311195688,True
34|41,399,False,False,False,False,False,1.4796138311195688,True
34|43,419,False,False,False,False,False,1.440601880918996,True
34|43,419,False,False,False,False,False,1.440601880918996,True
34|43,419,False,False,False,False,False,1.440601880918996,True

